{
  "description": {
    "title": "",
    "text": ""
  },
  "links_1": {
    "list_pages": true,
    "title": "Páginas",
    "list": []
  },
  "links_2": {
    "list_categories": false,
    "title": "",
    "list": []
  },
  "contacts": {
    "title": "Contatos",
    "phone_wpp": true,
    "socials": true,
    "email": true,
    "address": true
  },
  "stamps": [
    {
      "src": "/img/uploads/ssl-safe.png",
      "alt": "Secure connection"
    },
    {
      "src": "/img/uploads/ff4296ed88e08787fbda7fdb5d70070da9ca14c3.png",
      "link": "https://safeweb.norton.com/report/show?url=www.varaldotorcedor.com.br"
    },
    {
      "src": "/img/uploads/download.png",
      "link": "https://transparencyreport.google.com/safe-browsing/search?url=https:%2F%2Fwww.varaldotorcedor.com.br%2F&hl=pt-PT"
    }
  ],
  "payment_methods": {
    "bb": true,
    "visa": true,
    "boleto": true,
    "aura": false,
    "banrisul": false,
    "elo": true,
    "hipercard": false,
    "hsbc": false,
    "bradesco": true,
    "santander": false,
    "mastercard": true,
    "citibank": false,
    "mais": false,
    "itau": true
  },
  "credits": ""
}