{
  "marketing_stripe": {
    "text": "TODO SITE EM 10X SEM JUROS",
    "link": "",
    "color": "#f5f91a",
    "background": "#000000"
  },
  "contacts_stripe": {
    "pages": [
      {
        "title": "varaldotorcedoroficial@gmail.com"
      }
    ],
    "phone_wpp": true,
    "socials": true
  },
  "categories_list": {
    "featured": [
      "/novidades?Novidades",
      "/lancamentos?Lançamentos",
      "/futebol/?Futebol",
      "/colecao-inverno-2021?Coleção Inverno 2022",
      "/linha-retro/?Linha Retrô",
      "/tenis/?Tênis",
      "/chuteiras/?Chuteiras",
      "/nba/?NBA"
    ],
    "random": 5,
    "full_width": true
  },
  "search_input": true
}