{
  "meta_title": "Varal do Torcedor",
  "meta_description": "Varal,camisas,Torcedor,Nba",
  "sections": [
    {
      "type": "custom-content",
      "markdown": "![](/img/uploads/banner-compre-2-leve-3.jpg)"
    },
    {
      "type": "banners-grid",
      "banners": [
        {
          "img": "/img/uploads/camiseta-internacional.jpg",
          "link": "https://www.varaldotorcedor.com.br/camisa-home-internacional-2022"
        },
        {
          "img": "/img/uploads/camiseta-new-york.jpg",
          "link": "https://www.varaldotorcedor.com.br/camisa-away-new-york-city-2022"
        },
        {
          "img": "/img/uploads/compre-agora.jpg",
          "link": "https://www.varaldotorcedor.com.br/camisa-third-boca-juniors-2022"
        },
        {
          "img": "/img/uploads/compre-agora-3-.png",
          "link": "https://www.varaldotorcedor.com.br/camisa-home-inter-miami-2022"
        }
      ]
    },
    {
      "type": "collection-shelf",
      "shuffle": false,
      "limit": 15,
      "page": 1,
      "collection_id": "60d4e0d1d24de4526faced3a:categories:Lançamentos:/lancamentos",
      "sort": "news"
    },
    {
      "type": "collection-shelf",
      "shuffle": false,
      "limit": 15,
      "page": 1,
      "collection_id": "5fadb93680c6216a3fc5527c:categories:Premier League:/premier-league/",
      "sort": "sales"
    },
    {
      "type": "collection-shelf",
      "shuffle": true,
      "limit": 15,
      "page": 1,
      "collection_id": "5fadb93780c6216a3fc5527e:categories:La liga:/la-liga/",
      "sort": "sales"
    },
    {
      "type": "collection-shelf",
      "shuffle": false,
      "limit": 15,
      "page": 1,
      "collection_id": "602c68b39332dd6865d6411f:categories:Novidades:/novidades",
      "sort": "news"
    },
    {
      "type": "collection-shelf",
      "shuffle": false,
      "limit": 15,
      "page": 1,
      "collection_id": "5fadb94380c6216a3fc55296:categories:Campeonato Brasileiro:/campeonato-brasileiro/",
      "sort": "news"
    },
    {
      "type": "collection-shelf",
      "shuffle": false,
      "limit": 15,
      "page": 1,
      "collection_id": "600d091669274c73fcfbf150:categories:Pronta Entrega:/prontaentrega",
      "sort": "news"
    },
    {
      "type": "collection-shelf",
      "shuffle": true,
      "limit": 11,
      "page": 1,
      "collection_id": "5fadb91e80c6216a3fc55247:categories:Seleções:/selecoes/",
      "sort": "views",
      "title": "Copa do Mundo 2022"
    },
    {
      "type": "collection-shelf",
      "shuffle": false,
      "limit": 12,
      "page": 1,
      "collection_id": "6158e04a28ace502ae92900e:categories:Adidas:/adidas",
      "sort": "news"
    },
    {
      "type": "collection-shelf",
      "shuffle": false,
      "limit": 20,
      "page": 1,
      "collection_id": "5fadb91280c6216a3fc5522d:categories:Chuteiras:/chuteiras/",
      "sort": "news"
    },
    {
      "type": "collection-shelf",
      "shuffle": false,
      "limit": 11,
      "page": 1,
      "collection_id": "6039e9139332dd6865e0cdcf:categories:Air Jordan:/air-jordan",
      "sort": "news"
    },
    {
      "type": "collection-shelf",
      "shuffle": false,
      "limit": 15,
      "page": 1,
      "collection_id": null,
      "sort": "sales",
      "title": "Mais vendidos"
    },
    {
      "type": "banners-grid",
      "banners": [
        {
          "img": "/img/uploads/banner-rodape.jpg",
          "link": "https://www.instagram.com/varaldotorcedoroficial/?hl=pt"
        }
      ]
    },
    {
      "type": "info-bar",
      "enabled": true
    }
  ]
}